n_mats	runTag
287	stage2_retry90_idx_part_ac_20260126_192640
226	stage2_retry90_idx_part_aa_20260126_192639
209	stage2_retry90_idx_part_ab_20260126_192640
124	george_symlink_test_20260212_175928
100	stage2_Subject423_long72_20260127_143805
37	stage2_Subject376_long72_timeout73_20260127_202431
30	stage2_part3_409_24h_20260129_131633
25	stage2_exp_conc10_stage2_base_20260123_191806_p0
20	stage2_exp_conc20_stage2_base_20260123_191806_p1
8	stage2_exp_conc50_stage2_base_20260123_191806_p2
3	stage2_part3_423_72h_20260128_204118
1	stage2_resubmit_macaque_20260219_51708038
1	stage2_resubmit_macaque_20260219_51708037
1	stage2_resubmit_macaque_20260219_51708036
1	stage2_resubmit_macaque_20260219_51708035
1	stage2_resubmit_macaque_20260219_51708034
1	stage2_resubmit_macaque_20260219_51708033
1	stage2_resubmit_macaque_20260219_51708032
1	stage2_resubmit_macaque_20260219_51708012
1	stage2_resubmit_human_20260219_51708031
1	stage2_resubmit_human_20260219_51708030
1	stage2_resubmit_human_20260219_51708029
1	stage2_resubmit_human_20260219_51708028
1	stage2_resubmit_human_20260219_51708027
1	stage2_resubmit_human_20260219_51708026
1	stage2_resubmit_human_20260219_51708025
1	stage2_resubmit_human_20260219_51708024
1	stage2_resubmit_human_20260219_51708023
1	stage2_resubmit_human_20260219_51708022
1	stage2_resubmit_human_20260219_51708021
1	stage2_resubmit_human_20260219_51708020
1	stage2_resubmit_human_20260219_51708019
1	stage2_resubmit_human_20260219_51708018
1	stage2_resubmit_human_20260219_51708017
1	stage2_resubmit_human_20260219_51708016
1	stage2_resubmit_human_20260219_51708015
1	stage2_resubmit_human_20260219_51708014
1	stage2_resubmit_human_20260219_51708013
1	stage2_macaque_20260212_51349704
1	stage2_macaque_20260212_51349703
1	stage2_macaque_20260212_51349702
1	stage2_macaque_20260212_51349701
1	stage2_macaque_20260212_51349700
1	stage2_macaque_20260212_51349699
1	stage2_macaque_20260212_51338344
1	stage2_macaque_20260212_51335713
1	stage2_macaque_20260212_51332998
1	stage2_macaque_20260212_51332764
1	stage2_macaque_20260212_51332427
1	stage2_macaque_20260212_51332206
1	stage2_macaque_20260212_51331759
1	stage2_macaque_20260212_51330248
1	stage2_macaque_20260212_51327616
1	stage2_macaque_20260212_51327472
1	stage2_macaque_20260211_51322528
1	stage2_macaque_20260211_51321838
1	stage2_macaque_20260211_51321210
1	stage2_macaque_20260211_51320177
1	stage2_macaque_20260211_51316497
1	stage2_macaque_20260211_51312556
1	stage2_macaque_20260211_51312127
1	stage2_macaque_20260211_51312042
1	stage2_macaque_20260211_51312018
1	stage2_macaque_20260211_51311962
1	stage2_macaque_20260211_51311924
1	stage2_macaque_20260211_51311900
1	stage2_macaque_20260211_51311879
1	stage2_macaque_20260211_51311875
1	stage2_macaque_20260211_51311736
1	stage2_macaque_20260211_51311694
1	stage2_macaque_20260211_51311582
1	stage2_macaque_20260211_51311403
1	stage2_macaque_20260211_51311374
1	stage2_macaque_20260211_51311349
1	stage2_macaque_20260211_51308116
1	stage2_macaque_20260211_51306409
1	stage2_macaque_20260211_51305662
1	stage2_macaque_20260211_51304355
1	stage2_macaque_20260211_51304138
1	stage2_macaque_20260211_51304137
1	stage2_macaque_20260211_51304125
1	stage2_macaque_20260211_51303532
1	stage2_macaque_20260211_51303524
1	stage2_macaque_20260211_51303063
1	stage2_macaque_20260211_51303054
1	stage2_macaque_20260211_51302601
1	stage2_macaque_20260211_51291448
1	stage2_macaque_20260211_51291436
1	stage2_macaque_20260211_51291104
1	stage2_macaque_20260211_51291094
1	stage2_macaque_20260211_51291093
1	stage2_macaque_20260211_51291045
1	stage2_macaque_20260211_51291020
1	stage2_macaque_20260211_51291005
1	stage2_macaque_20260209_51206502
1	stage2_macaque_20260209_51206501
1	stage2_macaque_20260209_51206500
1	stage2_macaque_20260209_51206499
1	stage2_macaque_20260209_51206498
1	stage2_macaque_20260209_51206497
1	stage2_macaque_20260209_51206496
1	stage2_macaque_20260209_51206495
1	stage2_macaque_20260209_51206494
1	stage2_macaque_20260128_50685263
1	stage2_macaque_20260128_50685147
1	stage2_macaque_20260128_50685089
1	stage2_macaque_20260128_50685052
1	stage2_macaque_20260128_50684542
1	stage2_macaque_20260128_50684523
1	stage2_macaque_20260128_50684450
1	stage2_macaque_20260128_50684360
1	stage2_macaque_20260128_50684359
1	stage2_macaque_20260128_50684357
1	stage2_macaque_20260128_50684356
1	stage2_macaque_20260128_50684355
1	stage2_macaque_20260128_50684354
1	stage2_macaque_20260128_50684353
1	stage2_macaque_20260128_50684352
1	stage2_macaque_20260128_50684347
1	stage2_macaque_20260128_50684346
1	stage2_macaque_20260128_50684259
1	stage2_macaque_20260128_50684258
1	stage2_macaque_20260128_50684257
1	stage2_macaque_20260128_50684256
1	stage2_macaque_20260128_50684255
1	stage2_macaque_20260128_50684254
1	stage2_macaque_20260128_50684253
1	stage2_macaque_20260128_50684252
1	stage2_macaque_20260128_50684251
1	stage2_macaque_20260128_50684250
1	stage2_macaque_20260128_50684249
1	stage2_macaque_20260128_50684248
1	stage2_macaque_20260128_50684247
1	stage2_macaque_20260128_50684246
1	stage2_macaque_20260128_50684245
1	stage2_macaque_20260128_50684244
1	stage2_macaque_20260128_50684243
1	stage2_macaque_20260128_50684242
1	stage2_macaque_20260128_50684241
1	stage2_macaque_20260128_50684240
1	stage2_macaque_20260128_50684239
1	stage2_macaque_20260128_50684238
1	stage2_macaque_20260128_50684237
1	stage2_macaque_20260128_50684236
1	stage2_macaque_20260128_50684235
1	stage2_macaque_20260128_50684234
1	stage2_macaque_20260128_50684233
1	stage2_macaque_20260128_50684232
1	stage2_macaque_20260128_50684231
1	stage2_macaque_20260128_50684230
1	stage2_macaque_20260128_50684229
1	stage2_macaque_20260128_50684228
1	stage2_macaque_20260128_50684227
1	stage2_macaque_20260128_50684226
1	stage2_macaque_20260128_50684225
1	stage2_macaque_20260128_50684224
1	stage2_macaque_20260128_50684223
1	stage2_macaque_20260128_50684222
1	stage2_macaque_20260128_50684220
1	stage2_macaque_20260128_50684219
1	stage2_macaque_20260128_50684217
1	stage2_macaque_20260128_50684216
1	stage2_macaque_20260128_50684215
1	stage2_macaque_20260128_50684214
1	stage2_macaque_20260128_50684213
1	stage2_macaque_20260128_50684212
1	stage2_macaque_20260128_50684211
1	stage2_macaque_20260128_50683501
1	stage2_macaque_20260128_50683500
1	stage2_macaque_20260128_50683499
1	stage2_macaque_20260128_50683498
1	stage2_macaque_20260128_50683497
1	stage2_macaque_20260128_50683496
1	stage2_macaque_20260128_50683495
1	stage2_macaque_20260128_50683494
1	stage2_macaque_20260128_50683493
1	stage2_macaque_20260128_50683492
1	stage2_macaque_20260128_50683491
1	stage2_macaque_20260128_50683490
1	stage2_macaque_20260128_50683489
1	stage2_macaque_20260128_50683488
1	stage2_macaque_20260128_50683487
1	stage2_macaque_20260128_50683486
1	stage2_macaque_20260128_50683485
1	stage2_macaque_20260128_50683484
1	stage2_macaque_20260128_50683483
1	stage2_macaque_20260128_50683482
1	stage2_macaque_20260128_50683481
1	stage2_macaque_20260128_50683480
1	stage2_macaque_20260128_50683479
1	stage2_macaque_20260128_50683478
1	stage2_macaque_20260128_50683477
1	stage2_macaque_20260128_50683476
1	stage2_macaque_20260128_50683475
1	stage2_macaque_20260128_50683474
1	stage2_macaque_20260128_50683473
1	stage2_macaque_20260128_50683472
1	stage2_macaque_20260128_50683471
1	stage2_macaque_20260128_50683470
1	stage2_macaque_20260128_50683469
1	stage2_macaque_20260128_50683468
1	stage2_macaque_20260128_50683467
1	stage2_macaque_20260128_50683466
1	stage2_macaque_20260128_50683465
1	stage2_macaque_20260128_50683464
1	stage2_macaque_20260128_50683463
1	stage2_macaque_20260128_50683462
1	stage2_macaque_20260128_50683461
1	stage2_macaque_20260128_50683460
1	stage2_macaque_20260128_50683459
1	stage2_macaque_20260128_50683458
1	stage2_macaque_20260128_50683457
1	stage2_macaque_20260128_50683456
1	stage2_macaque_20260128_50683455
1	stage2_macaque_20260128_50683454
1	stage2_macaque_20260128_50683453
1	stage2_macaque_20260128_50683452
1	stage2_macaque_20260128_50683444
1	stage2_20260211_51290526
1	stage2_20260211_51289900
1	stage2_20260211_51289781
1	stage2_20260211_51289778
1	stage2_20260211_51289613
1	stage2_20260211_51289365
1	stage2_20260211_51289363
1	stage2_20260211_51289360
1	stage2_20260211_51289341
1	stage2_20260211_51289224
1	stage2_20260211_51289199
1	stage2_20260211_51289186
1	stage2_20260211_51289178
1	stage2_20260211_51289157
1	stage2_20260211_51289149
1	stage2_20260211_51289146
1	stage2_20260211_51289107
1	stage2_20260211_51289105
1	stage2_20260211_51288984
1	stage2_20260211_51288862
1	stage2_20260211_51288861
1	stage2_20260211_51288791
1	stage2_20260211_51288713
1	stage2_20260211_51288456
1	stage2_20260211_51287874
1	stage2_20260211_51287867
1	stage2_20260211_51287864
1	stage2_20260211_51287839
1	stage2_20260211_51203579
1	stage2_20260210_51287304
1	stage2_20260210_51287242
1	stage2_20260210_51287234
1	stage2_20260210_51287130
1	stage2_20260210_51287118
1	stage2_20260209_51207046
1	stage2_20260209_51207045
1	stage2_20260209_51207044
1	stage2_20260209_51207043
1	stage2_20260209_51207042
1	stage2_20260209_51207041
1	stage2_20260209_51207036
1	stage2_20260209_51207035
1	stage2_20260209_51207034
1	stage2_20260209_51207033
1	stage2_20260209_51207000
1	stage2_20260209_51206999
1	stage2_20260209_51206998
1	stage2_20260209_51206997
1	stage2_20260209_51206996
1	stage2_20260209_51206995
1	stage2_20260209_51206994
1	stage2_20260209_51206993
1	stage2_20260209_51206992
1	stage2_20260209_51206991
1	stage2_20260209_51206990
1	stage2_20260209_51206989
1	stage2_20260209_51206988
1	stage2_20260209_51206987
1	stage2_20260209_51206986
1	stage2_20260209_51206985
1	stage2_20260209_51206872
1	stage2_20260209_51206871
1	stage2_20260209_51206870
1	stage2_20260209_51206869
1	stage2_20260209_51206868
1	stage2_20260209_51206867
1	stage2_20260209_51206866
1	stage2_20260209_51206865
1	stage2_20260209_51206864
1	stage2_20260209_51206863
1	stage2_20260209_51206862
1	stage2_20260209_51206861
1	stage2_20260209_51206860
1	stage2_20260209_51206859
1	stage2_20260209_51206858
1	stage2_20260209_51206857
1	stage2_20260209_51206856
1	stage2_20260209_51206855
1	stage2_20260209_51206854
1	stage2_20260209_51206853
1	stage2_20260209_51206852
1	stage2_20260209_51206851
1	stage2_20260209_51206850
1	stage2_20260209_51206849
1	stage2_20260209_51206848
1	stage2_20260209_51206847
1	stage2_20260209_51206846
1	stage2_20260209_51206845
1	stage2_20260209_51206844
1	stage2_20260209_51206843
1	stage2_20260209_51206842
1	stage2_20260209_51206841
1	stage2_20260209_51206840
1	stage2_20260209_51206839
1	stage2_20260209_51206838
1	stage2_20260209_51206837
1	stage2_20260209_51206836
1	stage2_20260209_51206835
1	stage2_20260209_51206834
1	stage2_20260209_51206833
1	stage2_20260209_51206492
1	stage2_20260209_51206491
1	stage2_20260209_51206490
1	stage2_20260209_51206489
1	stage2_20260209_51206488
1	stage2_20260209_51206471
1	stage2_20260209_51203609
1	stage2_20260209_51203608
1	stage2_20260209_51203607
1	stage2_20260209_51203606
1	stage2_20260209_51203605
1	stage2_20260209_51203604
1	stage2_20260209_51203603
1	stage2_20260209_51203602
1	stage2_20260209_51203601
1	stage2_20260209_51203600
1	stage2_20260206_51061848
1	stage2_20260206_51061828
1	stage2_20260206_51061825
1	stage2_20260206_51061824
1	stage2_20260206_51061501
1	stage2_20260206_51061360
1	stage2_20260206_51060556
1	stage2_20260206_51059158
1	stage2_20260206_51057512
1	stage2_20260206_51056583
1	stage2_20260206_51053035
1	stage2_20260206_51052434
1	stage2_20260206_51049236
1	stage2_20260206_51045929
1	stage2_20260206_51040682
1	stage2_20260206_51040681
1	stage2_20260206_51040680
1	stage2_20260206_51040679
1	stage2_20260206_51040678
1	stage2_20260206_51040677
1	stage2_20260206_51040676
1	stage2_20260206_51040675
1	stage2_20260206_51040674
1	stage2_20260206_51040673
1	stage2_20260206_51040672
1	stage2_20260206_51040671
1	stage2_20260206_51040670
1	stage2_20260206_51040669
1	stage2_20260206_51040668
1	stage2_20260206_51040667
1	stage2_20260206_51040666
1	stage2_20260206_51040665
1	stage2_20260206_51040664
1	stage2_20260206_51040663
1	stage2_20260206_51039451
1	stage2_20260206_51039450
1	stage2_20260206_51039449
1	stage2_20260206_51039448
1	stage2_20260206_51039447
1	stage2_20260206_51039446
1	stage2_20260206_51039445
1	stage2_20260206_51039444
1	stage2_20260206_51039443
1	stage2_20260206_51039442
1	stage2_20260206_51037511
1	stage2_20260206_51037510
1	stage2_20260206_51035873
1	stage2_20260206_51035527
1	stage2_20260206_51035526
1	stage2_20260206_51035525
1	stage2_20260206_51035524
1	stage2_20260206_51035523
1	stage2_20260206_51035522
1	stage2_20260206_51035521
1	stage2_20260206_51035520
1	stage2_20260206_51035227
1	stage2_20260206_51033997
1	stage2_20260206_51033678
1	stage2_20260206_51033537
1	stage2_20260206_51032772
1	stage2_20260206_51031861
1	stage2_20260206_51031041
1	stage2_20260206_51029084
1	stage2_20260206_51028893
1	stage2_20260206_51024387
1	stage2_20260206_51024287
1	stage2_20260206_51023575
1	stage2_20260206_51021741
1	stage2_20260206_51021646
1	stage2_20260206_51021548
1	stage2_20260206_51021103
1	stage2_20260206_51021017
1	stage2_20260206_51005570
1	stage2_20260205_51020707
1	stage2_20260205_51020417
1	stage2_20260205_51020141
1	stage2_20260205_51019305
1	stage2_20260205_51019221
1	stage2_20260205_51018384
1	stage2_20260205_51018246
1	stage2_20260205_51009660
1	stage2_20260205_51009659
1	stage2_20260205_51005581
1	stage2_20260205_51005580
1	stage2_20260205_51005579
1	stage2_20260205_51005578
1	stage2_20260205_51005577
1	stage2_20260205_51005576
1	stage2_20260205_51005575
1	stage2_20260205_51005574
1	stage2_20260205_51005573
1	stage2_20260205_51005572
1	stage2_20260126_50477827
1	stage2_20260126_50477826
1	stage2_20260126_50477825
1	stage2_20260126_50477824
1	stage2_20260126_50477823
1	stage2_20260126_50477822
1	stage2_20260126_50477821
1	stage2_20260126_50477820
1	stage2_20260126_50477819
1	stage2_20260126_50477818
1	stage2_20260126_50477522
1	stage1_resubmit_loadfail15_20260309_52709572
1	stage1_resubmit_loadfail15_20260309_52709571
1	stage1_resubmit_loadfail15_20260309_52709570
1	stage1_resubmit_loadfail15_20260309_52709569
1	stage1_resubmit_loadfail15_20260309_52709568
1	stage1_resubmit_loadfail15_20260309_52709567
1	stage1_resubmit_loadfail15_20260309_52709566
1	stage1_resubmit_loadfail15_20260309_52709565
1	stage1_resubmit_loadfail15_20260309_52709564
1	stage1_resubmit_loadfail15_20260309_52709563
1	stage1_resubmit_loadfail15_20260309_52709561
1	stage1_resubmit_loadfail15_20260309_52695161
1	stage1_resubmit_loadfail15_20260309_52604288
1	stage1_resubmit_loadfail15_20260306_52604295
1	stage1_resubmit_all_20260222_51712884
1	stage1_resubmit_all_20260219_51713079
1	stage1_resubmit_all_20260219_51713066
1	stage1_resubmit_all_20260219_51713065
1	stage1_resubmit_all_20260219_51713064
1	stage1_resubmit_all_20260219_51713011
1	stage1_resubmit_all_20260219_51712995
1	stage1_resubmit_all_20260219_51712923
1	stage1_resubmit_all_20260219_51712922
1	stage1_resubmit_all_20260219_51712888
1	stage1_resubmit_all_20260219_51712887
1	stage1_resubmit_all_20260219_51712886
1	stage1_resubmit_all_20260219_51712885
1	stage1_resubmit_all_20260219_51712883
1	stage1_resubmit_all_20260219_51712864
